Date,Train ID,Mileage (km),Fitness Validity,Job-card Status,Branding Active,Last Cleaned,Yard Position,Status
12-08-2025,KMRT-01,113408,14-09-2025,Closed,Yes,12-08-2025,"Track-5, Slot-3",Service
13-08-2025,KMRT-01,113727,14-09-2025,Open-Minor,Yes,11-08-2025,"Track-4, Slot-2",Service
14-08-2025,KMRT-01,113780,14-09-2025,Closed,Yes,11-08-2025,"Track-4, Slot-2",Service
15-08-2025,KMRT-01,113951,14-09-2025,Closed,Yes,15-08-2025,"Track-4, Slot-2",Service
16-08-2025,KMRT-01,114284,14-09-2025,Closed,Yes,15-08-2025,"Track-4, Slot-2",Service
17-08-2025,KMRT-01,114763,14-09-2025,Closed,Yes,15-08-2025,"Track-4, Slot-2",Service
18-08-2025,KMRT-01,115310,14-09-2025,Open-Minor,Yes,17-08-2025,"Track-4, Slot-2",Service
19-08-2025,KMRT-01,115312,14-09-2025,Closed,Yes,18-08-2025,"Track-3, Slot-2",Standby
20-08-2025,KMRT-01,115320,14-09-2025,Closed,Yes,17-08-2025,"Track-3, Slot-2",Service
21-08-2025,KMRT-01,115865,14-09-2025,Closed,Yes,21-08-2025,"Track-3, Slot-2",Service
22-08-2025,KMRT-01,115388,14-09-2025,Closed,Yes,21-08-2025,"Track-3, Slot-2",Service
23-08-2025,KMRT-01,116686,14-09-2025,Closed,Yes,21-08-2025,"Track-3, Slot-2",Standby
24-08-2025,KMRT-01,115736,14-09-2025,Closed,Yes,24-08-2025,"Track-3, Slot-2",Service
25-08-2025,KMRT-01,115956,14-09-2025,Closed,Yes,24-08-2025,"Track-3, Slot-2",Service
26-08-2025,KMRT-01,117566,14-09-2025,Open-Minor,Yes,24-08-2025,"Track-3, Slot-2",Service
27-08-2025,KMRT-01,117113,14-09-2025,Closed,Yes,26-08-2025,"Track-3, Slot-2",Service
28-08-2025,KMRT-01,117184,14-09-2025,Closed,Yes,27-08-2025,"Track-3, Slot-2",Service
29-08-2025,KMRT-01,116672,14-09-2025,Closed,Yes,27-08-2025,"Track-3, Slot-2",Standby
30-08-2025,KMRT-01,118592,14-09-2025,Closed,Yes,29-08-2025,"Track-3, Slot-2",Standby
31-08-2025,KMRT-01,119393,14-09-2025,Closed,Yes,30-08-2025,"Track-3, Slot-2",Service
01-09-2025,KMRT-01,119748,14-09-2025,Closed,Yes,30-08-2025,"Track-3, Slot-2",Service
02-09-2025,KMRT-01,119624,14-09-2025,Open-Critical,Yes,02-09-2025,"Track-3, Slot-2",Maintenance
03-09-2025,KMRT-01,118358,14-09-2025,Closed,Yes,02-09-2025,"Track-3, Slot-2",Service
04-09-2025,KMRT-01,120515,14-09-2025,Closed,Yes,02-09-2025,"Track-3, Slot-2",Service
05-09-2025,KMRT-01,120968,14-09-2025,Closed,Yes,05-09-2025,"Track-3, Slot-2",Service
06-09-2025,KMRT-01,120208,14-09-2025,Closed,Yes,05-09-2025,"Track-3, Slot-2",Service
07-09-2025,KMRT-01,118608,14-09-2025,Open-Minor,Yes,04-09-2025,"Track-3, Slot-2",Standby
08-09-2025,KMRT-01,121940,14-09-2025,Closed,Yes,08-09-2025,"Track-3, Slot-2",Standby
09-09-2025,KMRT-01,119624,14-09-2025,Closed,Yes,07-09-2025,"Track-3, Slot-2",Standby
10-09-2025,KMRT-01,120107,14-09-2025,Closed,Yes,07-09-2025,"Track-3, Slot-2",Service
12-08-2025,KMRT-02,89127,24-09-2025,Closed,No,12-08-2025,"Track-3, Slot-1",Service
13-08-2025,KMRT-02,89365,24-09-2025,Closed,No,12-08-2025,"Track-3, Slot-1",Service
14-08-2025,KMRT-02,89603,24-09-2025,Open-Minor,No,12-08-2025,"Track-3, Slot-1",Service
15-08-2025,KMRT-02,89847,24-09-2025,Closed,No,11-08-2025,"Track-3, Slot-1",Service
16-08-2025,KMRT-02,90331,24-09-2025,Closed,No,11-08-2025,"Track-3, Slot-1",Service
17-08-2025,KMRT-02,90147,24-09-2025,Closed,No,12-08-2025,"Track-3, Slot-1",Service
18-08-2025,KMRT-02,90285,24-09-2025,Closed,No,18-08-2025,"Track-3, Slot-1",Service
19-08-2025,KMRT-02,90576,24-09-2025,Closed,No,18-08-2025,"Track-3, Slot-1",Service
20-08-2025,KMRT-02,90935,24-09-2025,Closed,No,18-08-2025,"Track-3, Slot-1",Service
21-08-2025,KMRT-02,92007,24-09-2025,Open-Minor,No,18-08-2025,"Track-3, Slot-1",Standby
22-08-2025,KMRT-02,91527,24-09-2025,Closed,No,17-08-2025,"Track-3, Slot-1",Standby
23-08-2025,KMRT-02,91272,24-09-2025,Closed,No,18-08-2025,"Track-3, Slot-1",Service
24-08-2025,KMRT-02,92679,24-09-2025,Closed,No,23-08-2025,"Track-3, Slot-1",Service
25-08-2025,KMRT-02,91649,24-09-2025,Closed,No,24-08-2025,"Track-3, Slot-1",Service
26-08-2025,KMRT-02,93355,24-09-2025,Closed,No,24-08-2025,"Track-3, Slot-1",Service
27-08-2025,KMRT-02,92532,24-09-2025,Open-Minor,No,24-08-2025,"Track-3, Slot-1",Service
28-08-2025,KMRT-02,92487,24-09-2025,Closed,No,24-08-2025,"Track-3, Slot-1",Service
29-08-2025,KMRT-02,92527,24-09-2025,Closed,No,24-08-2025,"Track-3, Slot-1",Service
30-08-2025,KMRT-02,93807,24-09-2025,Closed,No,29-08-2025,"Track-3, Slot-1",Service
31-08-2025,KMRT-02,94770,24-09-2025,Closed,No,30-08-2025,"Track-4, Slot-2",Standby
01-09-2025,KMRT-02,93087,24-09-2025,Closed,No,30-08-2025,"Track-4, Slot-2",Service
02-09-2025,KMRT-02,93264,24-09-2025,Closed,No,30-08-2025,"Track-4, Slot-2",Service
03-09-2025,KMRT-02,96145,24-09-2025,Closed,No,30-08-2025,"Track-4, Slot-2",Service
04-09-2025,KMRT-02,93865,24-09-2025,Closed,No,30-08-2025,"Track-4, Slot-2",Standby
05-09-2025,KMRT-02,94383,24-09-2025,Closed,No,05-09-2025,"Track-4, Slot-2",Service
06-09-2025,KMRT-02,95302,24-09-2025,Closed,No,05-09-2025,"Track-4, Slot-2",Standby
07-09-2025,KMRT-02,94405,24-09-2025,Closed,No,05-09-2025,"Track-4, Slot-1",Service
08-09-2025,KMRT-02,95796,24-09-2025,Closed,No,04-09-2025,"Track-4, Slot-1",Service
09-09-2025,KMRT-02,94223,24-09-2025,Open-Minor,No,05-09-2025,"Track-4, Slot-1",Standby
10-09-2025,KMRT-02,95420,24-09-2025,Closed,No,05-09-2025,"Track-4, Slot-1",Standby
12-08-2025,KMRT-03,93132,07-10-2025,Closed,No,12-08-2025,"Track-5, Slot-1",Service
13-08-2025,KMRT-03,93416,07-10-2025,Closed,No,12-08-2025,"Track-5, Slot-1",Service
14-08-2025,KMRT-03,93574,07-10-2025,Closed,No,12-08-2025,"Track-5, Slot-1",Service
15-08-2025,KMRT-03,93927,07-10-2025,Closed,No,14-08-2025,"Track-5, Slot-1",Standby
16-08-2025,KMRT-03,94104,07-10-2025,Closed,No,15-08-2025,"Track-5, Slot-1",Service
17-08-2025,KMRT-03,94632,07-10-2025,Closed,No,14-08-2025,"Track-5, Slot-1",Standby
18-08-2025,KMRT-03,94560,07-10-2025,Closed,No,18-08-2025,"Track-5, Slot-1",Service
19-08-2025,KMRT-03,94511,07-10-2025,Closed,No,18-08-2025,"Track-5, Slot-1",Service
20-08-2025,KMRT-03,95668,07-10-2025,Closed,No,18-08-2025,"Track-5, Slot-1",Standby
21-08-2025,KMRT-03,95157,07-10-2025,Closed,No,21-08-2025,"Track-5, Slot-1",Service
22-08-2025,KMRT-03,95732,07-10-2025,Closed,No,21-08-2025,"Track-5, Slot-1",Service
23-08-2025,KMRT-03,95827,07-10-2025,Open-Minor,No,20-08-2025,"Track-5, Slot-2",Service
24-08-2025,KMRT-03,95892,07-10-2025,Closed,No,24-08-2025,"Track-5, Slot-2",Standby
25-08-2025,KMRT-03,96512,07-10-2025,Closed,No,24-08-2025,"Track-5, Slot-2",Service
26-08-2025,KMRT-03,96758,07-10-2025,Closed,No,24-08-2025,"Track-5, Slot-2",Service
27-08-2025,KMRT-03,96312,07-10-2025,Closed,No,26-08-2025,"Track-5, Slot-2",Standby
28-08-2025,KMRT-03,97244,07-10-2025,Closed,No,27-08-2025,"Track-5, Slot-2",Service
29-08-2025,KMRT-03,97586,07-10-2025,Closed,No,26-08-2025,"Track-5, Slot-2",Service
30-08-2025,KMRT-03,97146,07-10-2025,Closed,No,30-08-2025,"Track-5, Slot-2",Service
31-08-2025,KMRT-03,98167,07-10-2025,Open-Minor,No,30-08-2025,"Track-5, Slot-2",Service
01-09-2025,KMRT-03,97732,07-10-2025,Open-Minor,No,30-08-2025,"Track-5, Slot-2",Service
02-09-2025,KMRT-03,97290,07-10-2025,Closed,No,02-09-2025,"Track-5, Slot-2",Service
03-09-2025,KMRT-03,99336,07-10-2025,Closed,No,02-09-2025,"Track-5, Slot-2",Standby
04-09-2025,KMRT-03,97893,07-10-2025,Closed,No,02-09-2025,"Track-5, Slot-2",Standby
05-09-2025,KMRT-03,100620,07-10-2025,Closed,No,05-09-2025,"Track-5, Slot-2",Service
06-09-2025,KMRT-03,98482,07-10-2025,Closed,No,05-09-2025,"Track-5, Slot-2",Standby
07-09-2025,KMRT-03,101166,07-10-2025,Closed,No,04-09-2025,"Track-5, Slot-2",Service
08-09-2025,KMRT-03,101259,07-10-2025,Closed,No,08-09-2025,"Track-5, Slot-2",Service
09-09-2025,KMRT-03,101896,07-10-2025,Closed,No,08-09-2025,"Track-5, Slot-2",Service
10-09-2025,KMRT-03,100469,07-10-2025,Closed,No,08-09-2025,"Track-5, Slot-2",Service
12-08-2025,KMRT-04,102076,05-10-2025,Closed,No,12-08-2025,"Track-2, Slot-2",Service
13-08-2025,KMRT-04,102360,05-10-2025,Closed,No,11-08-2025,"Track-2, Slot-2",Service
14-08-2025,KMRT-04,102650,05-10-2025,Closed,No,12-08-2025,"Track-2, Slot-2",Standby
15-08-2025,KMRT-04,102907,05-10-2025,Closed,No,12-08-2025,"Track-2, Slot-2",Service
16-08-2025,KMRT-04,103224,05-10-2025,Closed,No,16-08-2025,"Track-2, Slot-2",Service
17-08-2025,KMRT-04,103596,05-10-2025,Open-Critical,No,16-08-2025,"Track-2, Slot-2",Maintenance
18-08-2025,KMRT-04,103774,05-10-2025,Closed,No,15-08-2025,"Track-2, Slot-2",Standby
19-08-2025,KMRT-04,104288,05-10-2025,Open-Critical,No,15-08-2025,"Track-2, Slot-2",Maintenance
20-08-2025,KMRT-04,103564,05-10-2025,Open-Minor,No,19-08-2025,"Track-2, Slot-2",Service
21-08-2025,KMRT-04,103804,05-10-2025,Closed,No,20-08-2025,"Track-2, Slot-2",Service
22-08-2025,KMRT-04,104846,05-10-2025,Closed,No,19-08-2025,"Track-2, Slot-2",Service
23-08-2025,KMRT-04,104100,05-10-2025,Closed,No,20-08-2025,"Track-2, Slot-2",Service
24-08-2025,KMRT-04,104440,05-10-2025,Closed,No,24-08-2025,"Track-2, Slot-2",Standby
25-08-2025,KMRT-04,105079,05-10-2025,Closed,No,24-08-2025,"Track-2, Slot-2",Service
26-08-2025,KMRT-04,105002,05-10-2025,Closed,No,24-08-2025,"Track-2, Slot-2",Service
27-08-2025,KMRT-04,106186,05-10-2025,Closed,No,24-08-2025,"Track-2, Slot-2",Service
28-08-2025,KMRT-04,106220,05-10-2025,Open-Minor,No,28-08-2025,"Track-2, Slot-2",Service
29-08-2025,KMRT-04,106768,05-10-2025,Closed,No,28-08-2025,"Track-2, Slot-2",Service
30-08-2025,KMRT-04,106432,05-10-2025,Open-Minor,No,28-08-2025,"Track-2, Slot-2",Service
31-08-2025,KMRT-04,106066,05-10-2025,Closed,No,28-08-2025,"Track-2, Slot-2",Service
01-09-2025,KMRT-04,107556,05-10-2025,Open-Minor,No,01-09-2025,"Track-2, Slot-2",Service
02-09-2025,KMRT-04,107788,05-10-2025,Closed,No,31-08-2025,"Track-2, Slot-2",Service
03-09-2025,KMRT-04,108962,05-10-2025,Closed,No,01-09-2025,"Track-2, Slot-2",Standby
04-09-2025,KMRT-04,109045,05-10-2025,Closed,No,01-09-2025,"Track-2, Slot-2",Service
05-09-2025,KMRT-04,106924,05-10-2025,Closed,No,04-09-2025,"Track-2, Slot-2",Service
06-09-2025,KMRT-04,109001,05-10-2025,Closed,No,04-09-2025,"Track-2, Slot-2",Service
07-09-2025,KMRT-04,108160,05-10-2025,Closed,No,05-09-2025,"Track-2, Slot-2",Standby
08-09-2025,KMRT-04,108826,05-10-2025,Closed,No,05-09-2025,"Track-2, Slot-2",Service
09-09-2025,KMRT-04,110616,05-10-2025,Closed,No,09-09-2025,"Track-2, Slot-2",Service
10-09-2025,KMRT-04,110921,05-10-2025,Closed,No,09-09-2025,"Track-2, Slot-2",Service
12-08-2025,KMRT-05,112927,20-09-2025,Closed,Yes,12-08-2025,"Track-5, Slot-5",Service
13-08-2025,KMRT-05,113215,20-09-2025,Closed,Yes,12-08-2025,"Track-5, Slot-5",Service
14-08-2025,KMRT-05,113443,20-09-2025,Closed,Yes,12-08-2025,"Track-5, Slot-5",Service
15-08-2025,KMRT-05,113878,20-09-2025,Closed,Yes,12-08-2025,"Track-5, Slot-5",Service
16-08-2025,KMRT-05,113927,20-09-2025,Closed,Yes,16-08-2025,"Track-5, Slot-5",Standby
17-08-2025,KMRT-05,114202,20-09-2025,Closed,Yes,16-08-2025,"Track-5, Slot-5",Service
18-08-2025,KMRT-05,114199,20-09-2025,Closed,Yes,16-08-2025,"Track-5, Slot-5",Service
19-08-2025,KMRT-05,114411,20-09-2025,Closed,Yes,15-08-2025,"Track-5, Slot-5",Service
20-08-2025,KMRT-05,114943,20-09-2025,Closed,Yes,19-08-2025,"Track-5, Slot-5",Standby
21-08-2025,KMRT-05,115123,20-09-2025,Closed,Yes,19-08-2025,"Track-5, Slot-5",Service
22-08-2025,KMRT-05,115977,20-09-2025,Open-Minor,Yes,20-08-2025,"Track-5, Slot-5",Standby
23-08-2025,KMRT-05,115754,20-09-2025,Open-Minor,Yes,20-08-2025,"Track-5, Slot-5",Standby
24-08-2025,KMRT-05,115771,20-09-2025,Closed,Yes,23-08-2025,"Track-5, Slot-5",Service
25-08-2025,KMRT-05,116684,20-09-2025,Closed,Yes,24-08-2025,"Track-5, Slot-5",Service
26-08-2025,KMRT-05,116189,20-09-2025,Closed,Yes,24-08-2025,"Track-5, Slot-5",Service
27-08-2025,KMRT-05,116287,20-09-2025,Closed,Yes,24-08-2025,"Track-5, Slot-5",Service
28-08-2025,KMRT-05,116991,20-09-2025,Open-Minor,Yes,28-08-2025,"Track-5, Slot-5",Service
29-08-2025,KMRT-05,117959,20-09-2025,Open-Minor,Yes,28-08-2025,"Track-5, Slot-5",Standby
30-08-2025,KMRT-05,117067,20-09-2025,Closed,Yes,28-08-2025,"Track-5, Slot-5",Standby
31-08-2025,KMRT-05,117031,20-09-2025,Open-Minor,Yes,28-08-2025,"Track-5, Slot-5",Service
01-09-2025,KMRT-05,117987,20-09-2025,Closed,Yes,31-08-2025,"Track-5, Slot-5",Service
02-09-2025,KMRT-05,118156,20-09-2025,Closed,Yes,31-08-2025,"Track-5, Slot-5",Service
03-09-2025,KMRT-05,119307,20-09-2025,Closed,Yes,01-09-2025,"Track-4, Slot-5",Standby
04-09-2025,KMRT-05,117182,20-09-2025,Closed,Yes,01-09-2025,"Track-4, Slot-5",Standby
05-09-2025,KMRT-05,118303,20-09-2025,Closed,Yes,04-09-2025,"Track-4, Slot-5",Service
06-09-2025,KMRT-05,120202,20-09-2025,Closed,Yes,04-09-2025,"Track-4, Slot-5",Service
07-09-2025,KMRT-05,120311,20-09-2025,Closed,Yes,05-09-2025,"Track-4, Slot-5",Service
08-09-2025,KMRT-05,121189,20-09-2025,Closed,Yes,04-09-2025,"Track-4, Slot-5",Service
09-09-2025,KMRT-05,121215,20-09-2025,Open-Minor,Yes,09-09-2025,"Track-4, Slot-5",Standby
10-09-2025,KMRT-05,121134,20-09-2025,Closed,Yes,09-09-2025,"Track-4, Slot-5",Service
12-08-2025,KMRT-06,85208,29-09-2025,Closed,Yes,12-08-2025,"Track-4, Slot-4",Service
13-08-2025,KMRT-06,85501,29-09-2025,Closed,Yes,12-08-2025,"Track-4, Slot-4",Service
14-08-2025,KMRT-06,85714,29-09-2025,Closed,Yes,11-08-2025,"Track-4, Slot-4",Standby
15-08-2025,KMRT-06,85931,29-09-2025,Closed,Yes,12-08-2025,"Track-4, Slot-4",Service
16-08-2025,KMRT-06,86020,29-09-2025,Closed,Yes,12-08-2025,"Track-4, Slot-4",Service
17-08-2025,KMRT-06,86303,29-09-2025,Closed,Yes,12-08-2025,"Track-4, Slot-4",Service
18-08-2025,KMRT-06,87026,29-09-2025,Closed,Yes,18-08-2025,"Track-4, Slot-4",Service
19-08-2025,KMRT-06,86804,29-09-2025,Closed,Yes,18-08-2025,"Track-4, Slot-4",Service
20-08-2025,KMRT-06,87496,29-09-2025,Closed,Yes,18-08-2025,"Track-4, Slot-4",Service
21-08-2025,KMRT-06,87512,29-09-2025,Closed,Yes,17-08-2025,"Track-4, Slot-4",Service
22-08-2025,KMRT-06,88238,29-09-2025,Closed,Yes,17-08-2025,"Track-4, Slot-4",Service
23-08-2025,KMRT-06,87716,29-09-2025,Closed,Yes,18-08-2025,"Track-4, Slot-4",Service
24-08-2025,KMRT-06,88628,29-09-2025,Open-Minor,Yes,23-08-2025,"Track-4, Slot-4",Standby
25-08-2025,KMRT-06,88822,29-09-2025,Closed,Yes,24-08-2025,"Track-4, Slot-4",Service
26-08-2025,KMRT-06,89520,29-09-2025,Closed,Yes,24-08-2025,"Track-4, Slot-4",Standby
27-08-2025,KMRT-06,89588,29-09-2025,Open-Minor,Yes,23-08-2025,"Track-3, Slot-4",Standby
28-08-2025,KMRT-06,88712,29-09-2025,Open-Minor,Yes,24-08-2025,"Track-3, Slot-4",Service
29-08-2025,KMRT-06,88608,29-09-2025,Closed,Yes,23-08-2025,"Track-3, Slot-4",Service
30-08-2025,KMRT-06,90680,29-09-2025,Closed,Yes,30-08-2025,"Track-3, Slot-4",Service
31-08-2025,KMRT-06,90015,29-09-2025,Closed,Yes,30-08-2025,"Track-3, Slot-4",Service
01-09-2025,KMRT-06,89308,29-09-2025,Closed,Yes,30-08-2025,"Track-3, Slot-4",Service
02-09-2025,KMRT-06,89282,29-09-2025,Closed,Yes,30-08-2025,"Track-3, Slot-4",Service
03-09-2025,KMRT-06,91478,29-09-2025,Closed,Yes,30-08-2025,"Track-3, Slot-4",Service
04-09-2025,KMRT-06,91579,29-09-2025,Closed,Yes,30-08-2025,"Track-3, Slot-4",Service
05-09-2025,KMRT-06,90944,29-09-2025,Closed,Yes,05-09-2025,"Track-3, Slot-4",Service
06-09-2025,KMRT-06,92683,29-09-2025,Closed,Yes,05-09-2025,"Track-3, Slot-4",Standby
07-09-2025,KMRT-06,91864,29-09-2025,Closed,Yes,04-09-2025,"Track-3, Slot-4",Service
08-09-2025,KMRT-06,92147,29-09-2025,Closed,Yes,04-09-2025,"Track-3, Slot-4",Service
09-09-2025,KMRT-06,92964,29-09-2025,Closed,Yes,05-09-2025,"Track-3, Slot-4",Service
10-09-2025,KMRT-06,93357,29-09-2025,Closed,Yes,05-09-2025,"Track-3, Slot-4",Service
12-08-2025,KMRT-07,110115,17-09-2025,Closed,No,12-08-2025,"Track-3, Slot-1",Service
13-08-2025,KMRT-07,110359,17-09-2025,Closed,No,12-08-2025,"Track-3, Slot-1",Standby
14-08-2025,KMRT-07,110495,17-09-2025,Closed,No,11-08-2025,"Track-3, Slot-2",Service
15-08-2025,KMRT-07,110880,17-09-2025,Closed,No,11-08-2025,"Track-3, Slot-2",Service
16-08-2025,KMRT-07,111387,17-09-2025,Closed,No,12-08-2025,"Track-3, Slot-2",Standby
17-08-2025,KMRT-07,111225,17-09-2025,Closed,No,16-08-2025,"Track-3, Slot-2",Service
18-08-2025,KMRT-07,111711,17-09-2025,Closed,No,16-08-2025,"Track-3, Slot-2",Service
19-08-2025,KMRT-07,111774,17-09-2025,Closed,No,16-08-2025,"Track-3, Slot-2",Standby
20-08-2025,KMRT-07,112299,17-09-2025,Open-Minor,No,16-08-2025,"Track-4, Slot-1",Service
21-08-2025,KMRT-07,112338,17-09-2025,Closed,No,17-08-2025,"Track-4, Slot-1",Service
22-08-2025,KMRT-07,111975,17-09-2025,Closed,No,22-08-2025,"Track-4, Slot-1",Service
23-08-2025,KMRT-07,112271,17-09-2025,Closed,No,21-08-2025,"Track-4, Slot-1",Service
24-08-2025,KMRT-07,113523,17-09-2025,Open-Minor,No,22-08-2025,"Track-4, Slot-1",Service
25-08-2025,KMRT-07,114093,17-09-2025,Open-Minor,No,22-08-2025,"Track-4, Slot-1",Service
26-08-2025,KMRT-07,114259,17-09-2025,Closed,No,21-08-2025,"Track-4, Slot-1",Service
27-08-2025,KMRT-07,114405,17-09-2025,Closed,No,26-08-2025,"Track-4, Slot-1",Standby
28-08-2025,KMRT-07,114131,17-09-2025,Open-Minor,No,27-08-2025,"Track-4, Slot-1",Service
29-08-2025,KMRT-07,114195,17-09-2025,Closed,No,27-08-2025,"Track-4, Slot-1",Service
30-08-2025,KMRT-07,114993,17-09-2025,Open-Minor,No,27-08-2025,"Track-4, Slot-1",Service
31-08-2025,KMRT-07,115739,17-09-2025,Open-Minor,No,27-08-2025,"Track-4, Slot-1",Service
01-09-2025,KMRT-07,113815,17-09-2025,Open-Minor,No,01-09-2025,"Track-4, Slot-1",Service
02-09-2025,KMRT-07,114987,17-09-2025,Open-Minor,No,01-09-2025,"Track-4, Slot-1",Standby
03-09-2025,KMRT-07,115373,17-09-2025,Closed,No,01-09-2025,"Track-4, Slot-1",Service
04-09-2025,KMRT-07,115865,17-09-2025,Closed,No,01-09-2025,"Track-4, Slot-1",Service
05-09-2025,KMRT-07,115491,17-09-2025,Open-Minor,No,01-09-2025,"Track-4, Slot-1",Service
06-09-2025,KMRT-07,116115,17-09-2025,Closed,No,06-09-2025,"Track-4, Slot-1",Service
07-09-2025,KMRT-07,117577,17-09-2025,Closed,No,06-09-2025,"Track-4, Slot-1",Standby
08-09-2025,KMRT-07,118512,17-09-2025,Closed,No,05-09-2025,"Track-4, Slot-1",Standby
09-09-2025,KMRT-07,115463,17-09-2025,Closed,No,06-09-2025,"Track-4, Slot-1",Standby
10-09-2025,KMRT-07,115770,17-09-2025,Closed,No,05-09-2025,"Track-4, Slot-1",Service
12-08-2025,KMRT-08,113290,26-09-2025,Closed,Yes,12-08-2025,"Track-1, Slot-2",Service
13-08-2025,KMRT-08,113540,26-09-2025,Closed,Yes,12-08-2025,"Track-1, Slot-2",Service
14-08-2025,KMRT-08,113800,26-09-2025,Closed,Yes,11-08-2025,"Track-1, Slot-2",Service
15-08-2025,KMRT-08,113995,26-09-2025,Closed,Yes,12-08-2025,"Track-1, Slot-2",Standby
16-08-2025,KMRT-08,114418,26-09-2025,Closed,Yes,12-08-2025,"Track-1, Slot-2",Service
17-08-2025,KMRT-08,114515,26-09-2025,Closed,Yes,12-08-2025,"Track-1, Slot-2",Service
18-08-2025,KMRT-08,114508,26-09-2025,Closed,Yes,18-08-2025,"Track-1, Slot-2",Service
19-08-2025,KMRT-08,115215,26-09-2025,Closed,Yes,18-08-2025,"Track-1, Slot-2",Service
20-08-2025,KMRT-08,115402,26-09-2025,Closed,Yes,17-08-2025,"Track-1, Slot-2",Service
21-08-2025,KMRT-08,115882,26-09-2025,Closed,Yes,18-08-2025,"Track-1, Slot-2",Service
22-08-2025,KMRT-08,115990,26-09-2025,Open-Minor,Yes,18-08-2025,"Track-1, Slot-2",Service
23-08-2025,KMRT-08,115567,26-09-2025,Closed,Yes,18-08-2025,"Track-1, Slot-2",Service
24-08-2025,KMRT-08,116134,26-09-2025,Closed,Yes,24-08-2025,"Track-1, Slot-2",Service
25-08-2025,KMRT-08,116514,26-09-2025,Open-Critical,Yes,24-08-2025,"Track-1, Slot-2",Maintenance
26-08-2025,KMRT-08,116916,26-09-2025,Closed,Yes,24-08-2025,"Track-1, Slot-3",Service
27-08-2025,KMRT-08,116245,26-09-2025,Open-Minor,Yes,24-08-2025,"Track-1, Slot-3",Service
28-08-2025,KMRT-08,117706,26-09-2025,Closed,Yes,24-08-2025,"Track-1, Slot-3",Service
29-08-2025,KMRT-08,117761,26-09-2025,Closed,Yes,24-08-2025,"Track-1, Slot-3",Service
30-08-2025,KMRT-08,116746,26-09-2025,Closed,Yes,30-08-2025,"Track-1, Slot-3",Service
31-08-2025,KMRT-08,118857,26-09-2025,Closed,Yes,30-08-2025,"Track-1, Slot-3",Service
01-09-2025,KMRT-08,119090,26-09-2025,Open-Minor,Yes,29-08-2025,"Track-1, Slot-3",Service
02-09-2025,KMRT-08,118246,26-09-2025,Closed,Yes,30-08-2025,"Track-1, Slot-2",Standby
03-09-2025,KMRT-08,118680,26-09-2025,Closed,Yes,30-08-2025,"Track-2, Slot-2",Service
04-09-2025,KMRT-08,119661,26-09-2025,Closed,Yes,30-08-2025,"Track-2, Slot-2",Standby
05-09-2025,KMRT-08,119770,26-09-2025,Open-Minor,Yes,05-09-2025,"Track-2, Slot-2",Service
06-09-2025,KMRT-08,118265,26-09-2025,Closed,Yes,04-09-2025,"Track-2, Slot-2",Service
07-09-2025,KMRT-08,120726,26-09-2025,Closed,Yes,04-09-2025,"Track-2, Slot-1",Standby
08-09-2025,KMRT-08,121309,26-09-2025,Closed,Yes,05-09-2025,"Track-2, Slot-1",Standby
09-09-2025,KMRT-08,120066,26-09-2025,Closed,Yes,04-09-2025,"Track-2, Slot-1",Service
10-09-2025,KMRT-08,120801,26-09-2025,Closed,Yes,05-09-2025,"Track-2, Slot-1",Service
12-08-2025,KMRT-09,110927,22-09-2025,Closed,No,12-08-2025,"Track-4, Slot-3",Service
13-08-2025,KMRT-09,111144,22-09-2025,Closed,No,12-08-2025,"Track-4, Slot-3",Service
14-08-2025,KMRT-09,111365,22-09-2025,Closed,No,12-08-2025,"Track-4, Slot-3",Standby
15-08-2025,KMRT-09,111845,22-09-2025,Closed,No,11-08-2025,"Track-4, Slot-3",Standby
16-08-2025,KMRT-09,111975,22-09-2025,Closed,No,12-08-2025,"Track-4, Slot-3",Service
17-08-2025,KMRT-09,112392,22-09-2025,Closed,No,12-08-2025,"Track-4, Slot-3",Service
18-08-2025,KMRT-09,112115,22-09-2025,Closed,No,11-08-2025,"Track-4, Slot-3",Service
19-08-2025,KMRT-09,112348,22-09-2025,Closed,No,18-08-2025,"Track-4, Slot-3",Service
20-08-2025,KMRT-09,112447,22-09-2025,Closed,No,19-08-2025,"Track-4, Slot-3",Service
21-08-2025,KMRT-09,112889,22-09-2025,Closed,No,18-08-2025,"Track-4, Slot-3",Standby
22-08-2025,KMRT-09,113597,22-09-2025,Closed,No,19-08-2025,"Track-4, Slot-3",Service
23-08-2025,KMRT-09,113600,22-09-2025,Closed,No,18-08-2025,"Track-4, Slot-3",Service
24-08-2025,KMRT-09,114203,22-09-2025,Closed,No,19-08-2025,"Track-4, Slot-3",Standby
25-08-2025,KMRT-09,113436,22-09-2025,Closed,No,19-08-2025,"Track-4, Slot-3",Service
26-08-2025,KMRT-09,114819,22-09-2025,Closed,No,26-08-2025,"Track-4, Slot-3",Service
27-08-2025,KMRT-09,114167,22-09-2025,Closed,No,26-08-2025,"Track-4, Slot-3",Service
28-08-2025,KMRT-09,115407,22-09-2025,Open-Minor,No,26-08-2025,"Track-4, Slot-3",Service
29-08-2025,KMRT-09,115415,22-09-2025,Closed,No,26-08-2025,"Track-4, Slot-3",Service
30-08-2025,KMRT-09,115823,22-09-2025,Open-Critical,No,26-08-2025,"Track-4, Slot-3",Maintenance
31-08-2025,KMRT-09,115373,22-09-2025,Closed,No,25-08-2025,"Track-4, Slot-3",Standby
01-09-2025,KMRT-09,115307,22-09-2025,Open-Minor,No,26-08-2025,"Track-4, Slot-3",Service
02-09-2025,KMRT-09,117521,22-09-2025,Open-Minor,No,02-09-2025,"Track-4, Slot-3",Service
03-09-2025,KMRT-09,116999,22-09-2025,Closed,No,02-09-2025,"Track-4, Slot-3",Standby
04-09-2025,KMRT-09,116033,22-09-2025,Closed,No,02-09-2025,"Track-4, Slot-3",Service
05-09-2025,KMRT-09,116687,22-09-2025,Closed,No,02-09-2025,"Track-4, Slot-3",Standby
06-09-2025,KMRT-09,116902,22-09-2025,Closed,No,02-09-2025,"Track-4, Slot-3",Standby
07-09-2025,KMRT-09,116881,22-09-2025,Closed,No,01-09-2025,"Track-4, Slot-3",Service
08-09-2025,KMRT-09,118406,22-09-2025,Closed,No,01-09-2025,"Track-4, Slot-3",Standby
09-09-2025,KMRT-09,116947,22-09-2025,Closed,No,09-09-2025,"Track-4, Slot-3",Standby
10-09-2025,KMRT-09,116901,22-09-2025,Closed,No,09-09-2025,"Track-4, Slot-3",Standby
12-08-2025,KMRT-10,92917,16-09-2025,Closed,No,12-08-2025,"Track-2, Slot-2",Service
13-08-2025,KMRT-10,93153,16-09-2025,Closed,No,12-08-2025,"Track-2, Slot-2",Service
14-08-2025,KMRT-10,93479,16-09-2025,Closed,No,12-08-2025,"Track-2, Slot-2",Service
15-08-2025,KMRT-10,93628,16-09-2025,Open-Critical,No,12-08-2025,"Track-2, Slot-2",Maintenance
16-08-2025,KMRT-10,93977,16-09-2025,Closed,No,12-08-2025,"Track-2, Slot-3",Standby
17-08-2025,KMRT-10,94417,16-09-2025,Closed,No,17-08-2025,"Track-2, Slot-3",Service
18-08-2025,KMRT-10,94327,16-09-2025,Closed,No,16-08-2025,"Track-2, Slot-3",Service
19-08-2025,KMRT-10,94716,16-09-2025,Open-Minor,No,17-08-2025,"Track-2, Slot-3",Standby
20-08-2025,KMRT-10,95293,16-09-2025,Open-Minor,No,16-08-2025,"Track-2, Slot-3",Service
21-08-2025,KMRT-10,95716,16-09-2025,Closed,No,17-08-2025,"Track-2, Slot-3",Service
22-08-2025,KMRT-10,95617,16-09-2025,Closed,No,21-08-2025,"Track-2, Slot-3",Service
23-08-2025,KMRT-10,96371,16-09-2025,Closed,No,22-08-2025,"Track-2, Slot-3",Service
24-08-2025,KMRT-10,96625,16-09-2025,Closed,No,21-08-2025,"Track-2, Slot-3",Service
25-08-2025,KMRT-10,96544,16-09-2025,Closed,No,22-08-2025,"Track-2, Slot-3",Service
26-08-2025,KMRT-10,95675,16-09-2025,Closed,No,22-08-2025,"Track-2, Slot-3",Service
27-08-2025,KMRT-10,96892,16-09-2025,Open-Minor,No,27-08-2025,"Track-2, Slot-3",Standby
28-08-2025,KMRT-10,96501,16-09-2025,Closed,No,26-08-2025,"Track-2, Slot-3",Service
29-08-2025,KMRT-10,96759,16-09-2025,Closed,No,27-08-2025,"Track-2, Slot-3",Standby
30-08-2025,KMRT-10,96319,16-09-2025,Closed,No,27-08-2025,"Track-2, Slot-3",Standby
31-08-2025,KMRT-10,97857,16-09-2025,Closed,No,26-08-2025,"Track-2, Slot-3",Service
01-09-2025,KMRT-10,97797,16-09-2025,Open-Minor,No,01-09-2025,"Track-2, Slot-3",Standby
02-09-2025,KMRT-10,96949,16-09-2025,Closed,No,01-09-2025,"Track-2, Slot-3",Standby
03-09-2025,KMRT-10,99319,16-09-2025,Closed,No,31-08-2025,"Track-2, Slot-3",Service
04-09-2025,KMRT-10,98138,16-09-2025,Closed,No,31-08-2025,"Track-2, Slot-3",Standby
05-09-2025,KMRT-10,98869,16-09-2025,Closed,No,31-08-2025,"Track-2, Slot-3",Service
06-09-2025,KMRT-10,98567,16-09-2025,Closed,No,06-09-2025,"Track-2, Slot-3",Service
07-09-2025,KMRT-10,99547,16-09-2025,Closed,No,05-09-2025,"Track-2, Slot-3",Service
08-09-2025,KMRT-10,100855,16-09-2025,Open-Minor,No,06-09-2025,"Track-2, Slot-3",Service
09-09-2025,KMRT-10,98349,16-09-2025,Open-Minor,No,05-09-2025,"Track-2, Slot-3",Standby
10-09-2025,KMRT-10,99297,16-09-2025,Closed,No,06-09-2025,"Track-2, Slot-3",Service
12-08-2025,KMRT-11,122549,07-10-2025,Open-Minor,No,12-08-2025,"Track-2, Slot-5",Service
13-08-2025,KMRT-11,122827,07-10-2025,Closed,No,12-08-2025,"Track-2, Slot-5",Service
14-08-2025,KMRT-11,123097,07-10-2025,Closed,No,12-08-2025,"Track-2, Slot-5",Service
15-08-2025,KMRT-11,123392,07-10-2025,Closed,No,12-08-2025,"Track-2, Slot-5",Service
16-08-2025,KMRT-11,123457,07-10-2025,Closed,No,11-08-2025,"Track-2, Slot-5",Service
17-08-2025,KMRT-11,123779,07-10-2025,Closed,No,12-08-2025,"Track-2, Slot-5",Service
18-08-2025,KMRT-11,124379,07-10-2025,Closed,No,18-08-2025,"Track-2, Slot-5",Service
19-08-2025,KMRT-11,124600,07-10-2025,Closed,No,18-08-2025,"Track-2, Slot-5",Service
20-08-2025,KMRT-11,125109,07-10-2025,Closed,No,18-08-2025,"Track-2, Slot-5",Service
21-08-2025,KMRT-11,124565,07-10-2025,Closed,No,18-08-2025,"Track-2, Slot-5",Service
22-08-2025,KMRT-11,124699,07-10-2025,Closed,No,17-08-2025,"Track-3, Slot-5",Service
23-08-2025,KMRT-11,124892,07-10-2025,Closed,No,18-08-2025,"Track-3, Slot-5",Service
24-08-2025,KMRT-11,126173,07-10-2025,Closed,No,23-08-2025,"Track-3, Slot-5",Service
25-08-2025,KMRT-11,125942,07-10-2025,Closed,No,23-08-2025,"Track-3, Slot-5",Service
26-08-2025,KMRT-11,125517,07-10-2025,Closed,No,24-08-2025,"Track-3, Slot-5",Service
27-08-2025,KMRT-11,127169,07-10-2025,Closed,No,24-08-2025,"Track-3, Slot-5",Service
28-08-2025,KMRT-11,126661,07-10-2025,Closed,No,24-08-2025,"Track-3, Slot-5",Service
29-08-2025,KMRT-11,127853,07-10-2025,Closed,No,24-08-2025,"Track-3, Slot-5",Service
30-08-2025,KMRT-11,127049,07-10-2025,Open-Minor,No,30-08-2025,"Track-3, Slot-5",Service
31-08-2025,KMRT-11,126786,07-10-2025,Closed,No,30-08-2025,"Track-3, Slot-5",Service
01-09-2025,KMRT-11,127869,07-10-2025,Closed,No,30-08-2025,"Track-3, Slot-5",Service
02-09-2025,KMRT-11,126560,07-10-2025,Closed,No,30-08-2025,"Track-3, Slot-5",Standby
03-09-2025,KMRT-11,128841,07-10-2025,Closed,No,30-08-2025,"Track-3, Slot-5",Service
04-09-2025,KMRT-11,128391,07-10-2025,Closed,No,30-08-2025,"Track-3, Slot-5",Standby
05-09-2025,KMRT-11,129341,07-10-2025,Closed,No,05-09-2025,"Track-3, Slot-5",Service
06-09-2025,KMRT-11,129699,07-10-2025,Closed,No,05-09-2025,"Track-3, Slot-5",Service
07-09-2025,KMRT-11,129335,07-10-2025,Closed,No,05-09-2025,"Track-3, Slot-5",Service
08-09-2025,KMRT-11,129947,07-10-2025,Closed,No,05-09-2025,"Track-3, Slot-5",Service
09-09-2025,KMRT-11,129493,07-10-2025,Closed,No,05-09-2025,"Track-3, Slot-5",Service
10-09-2025,KMRT-11,130611,07-10-2025,Closed,No,04-09-2025,"Track-3, Slot-5",Standby
12-08-2025,KMRT-12,82410,10-10-2025,Closed,No,12-08-2025,"Track-1, Slot-2",Service
13-08-2025,KMRT-12,82721,10-10-2025,Closed,No,12-08-2025,"Track-1, Slot-2",Service
14-08-2025,KMRT-12,82970,10-10-2025,Closed,No,12-08-2025,"Track-1, Slot-2",Service
15-08-2025,KMRT-12,82986,10-10-2025,Closed,No,11-08-2025,"Track-1, Slot-2",Service
16-08-2025,KMRT-12,83238,10-10-2025,Closed,No,16-08-2025,"Track-1, Slot-2",Standby
17-08-2025,KMRT-12,83775,10-10-2025,Open-Minor,No,16-08-2025,"Track-1, Slot-2",Service
18-08-2025,KMRT-12,83928,10-10-2025,Open-Minor,No,15-08-2025,"Track-1, Slot-2",Service
19-08-2025,KMRT-12,83880,10-10-2025,Open-Minor,No,16-08-2025,"Track-1, Slot-2",Standby
20-08-2025,KMRT-12,84538,10-10-2025,Closed,No,20-08-2025,"Track-1, Slot-2",Service
21-08-2025,KMRT-12,85200,10-10-2025,Closed,No,20-08-2025,"Track-1, Slot-3",Service
22-08-2025,KMRT-12,85420,10-10-2025,Closed,No,20-08-2025,"Track-1, Slot-3",Service
23-08-2025,KMRT-12,85303,10-10-2025,Closed,No,20-08-2025,"Track-1, Slot-3",Standby
24-08-2025,KMRT-12,85482,10-10-2025,Closed,No,23-08-2025,"Track-1, Slot-3",Service
25-08-2025,KMRT-12,84802,10-10-2025,Closed,No,24-08-2025,"Track-1, Slot-3",Service
26-08-2025,KMRT-12,85014,10-10-2025,Closed,No,24-08-2025,"Track-1, Slot-3",Standby
27-08-2025,KMRT-12,85980,10-10-2025,Closed,No,23-08-2025,"Track-1, Slot-3",Service
28-08-2025,KMRT-12,86842,10-10-2025,Open-Minor,No,28-08-2025,"Track-2, Slot-2",Service
29-08-2025,KMRT-12,87374,10-10-2025,Closed,No,28-08-2025,"Track-2, Slot-2",Service
30-08-2025,KMRT-12,87954,10-10-2025,Closed,No,27-08-2025,"Track-2, Slot-2",Service
31-08-2025,KMRT-12,86115,10-10-2025,Closed,No,28-08-2025,"Track-2, Slot-2",Standby
01-09-2025,KMRT-12,88450,10-10-2025,Closed,No,01-09-2025,"Track-2, Slot-2",Service
02-09-2025,KMRT-12,89046,10-10-2025,Closed,No,01-09-2025,"Track-2, Slot-2",Standby
03-09-2025,KMRT-12,87844,10-10-2025,Closed,No,01-09-2025,"Track-2, Slot-2",Service
04-09-2025,KMRT-12,88298,10-10-2025,Closed,No,01-09-2025,"Track-2, Slot-2",Service
05-09-2025,KMRT-12,89730,10-10-2025,Closed,No,05-09-2025,"Track-2, Slot-2",Standby
06-09-2025,KMRT-12,88660,10-10-2025,Closed,No,04-09-2025,"Track-2, Slot-2",Service
07-09-2025,KMRT-12,89378,10-10-2025,Closed,No,05-09-2025,"Track-2, Slot-2",Service
08-09-2025,KMRT-12,87810,10-10-2025,Closed,No,04-09-2025,"Track-2, Slot-2",Service
09-09-2025,KMRT-12,88962,10-10-2025,Closed,No,09-09-2025,"Track-2, Slot-2",Service
10-09-2025,KMRT-12,88645,10-10-2025,Open-Minor,No,09-09-2025,"Track-2, Slot-2",Service
12-08-2025,KMRT-13,117194,16-09-2025,Closed,No,12-08-2025,"Track-4, Slot-4",Service
13-08-2025,KMRT-13,117494,16-09-2025,Open-Minor,No,12-08-2025,"Track-5, Slot-3",Service
14-08-2025,KMRT-13,117796,16-09-2025,Closed,No,12-08-2025,"Track-5, Slot-3",Service
15-08-2025,KMRT-13,117953,16-09-2025,Closed,No,12-08-2025,"Track-5, Slot-3",Service
16-08-2025,KMRT-13,117950,16-09-2025,Closed,No,12-08-2025,"Track-5, Slot-3",Standby
17-08-2025,KMRT-13,118139,16-09-2025,Closed,No,11-08-2025,"Track-5, Slot-3",Service
18-08-2025,KMRT-13,118718,16-09-2025,Closed,No,12-08-2025,"Track-5, Slot-3",Service
19-08-2025,KMRT-13,119049,16-09-2025,Closed,No,18-08-2025,"Track-5, Slot-3",Service
20-08-2025,KMRT-13,119666,16-09-2025,Closed,No,19-08-2025,"Track-5, Slot-3",Service
21-08-2025,KMRT-13,119867,16-09-2025,Closed,No,19-08-2025,"Track-5, Slot-3",Service
22-08-2025,KMRT-13,119484,16-09-2025,Closed,No,18-08-2025,"Track-5, Slot-3",Service
23-08-2025,KMRT-13,119416,16-09-2025,Closed,No,19-08-2025,"Track-5, Slot-3",Service
24-08-2025,KMRT-13,120338,16-09-2025,Closed,No,19-08-2025,"Track-5, Slot-3",Service
25-08-2025,KMRT-13,120418,16-09-2025,Closed,No,19-08-2025,"Track-5, Slot-3",Service
26-08-2025,KMRT-13,120638,16-09-2025,Closed,No,26-08-2025,"Track-5, Slot-3",Service
27-08-2025,KMRT-13,121064,16-09-2025,Closed,No,26-08-2025,"Track-5, Slot-3",Service
28-08-2025,KMRT-13,121274,16-09-2025,Closed,No,26-08-2025,"Track-5, Slot-3",Service
29-08-2025,KMRT-13,120917,16-09-2025,Closed,No,26-08-2025,"Track-5, Slot-3",Service
30-08-2025,KMRT-13,122594,16-09-2025,Closed,No,26-08-2025,"Track-5, Slot-3",Service
31-08-2025,KMRT-13,120994,16-09-2025,Closed,No,26-08-2025,"Track-5, Slot-3",Service
01-09-2025,KMRT-13,121094,16-09-2025,Closed,No,26-08-2025,"Track-5, Slot-3",Service
02-09-2025,KMRT-13,122717,16-09-2025,Closed,No,01-09-2025,"Track-5, Slot-3",Service
03-09-2025,KMRT-13,123904,16-09-2025,Open-Minor,No,01-09-2025,"Track-5, Slot-3",Service
04-09-2025,KMRT-13,124347,16-09-2025,Closed,No,02-09-2025,"Track-5, Slot-3",Service
05-09-2025,KMRT-13,123386,16-09-2025,Closed,No,01-09-2025,"Track-5, Slot-3",Service
06-09-2025,KMRT-13,123069,16-09-2025,Closed,No,02-09-2025,"Track-5, Slot-3",Service
07-09-2025,KMRT-13,125462,16-09-2025,Closed,No,02-09-2025,"Track-5, Slot-3",Service
08-09-2025,KMRT-13,124025,16-09-2025,Closed,No,02-09-2025,"Track-5, Slot-3",Standby
09-09-2025,KMRT-13,125230,16-09-2025,Closed,No,08-09-2025,"Track-5, Slot-3",Standby
10-09-2025,KMRT-13,125198,16-09-2025,Closed,No,09-09-2025,"Track-5, Slot-3",Service
12-08-2025,KMRT-14,89943,16-09-2025,Closed,Yes,12-08-2025,"Track-3, Slot-3",Service
13-08-2025,KMRT-14,90123,16-09-2025,Closed,Yes,12-08-2025,"Track-3, Slot-3",Service
14-08-2025,KMRT-14,90519,16-09-2025,Closed,Yes,12-08-2025,"Track-3, Slot-3",Service
15-08-2025,KMRT-14,90693,16-09-2025,Closed,Yes,12-08-2025,"Track-4, Slot-3",Service
16-08-2025,KMRT-14,90679,16-09-2025,Closed,Yes,16-08-2025,"Track-4, Slot-3",Service
17-08-2025,KMRT-14,90903,16-09-2025,Closed,Yes,16-08-2025,"Track-4, Slot-3",Service
18-08-2025,KMRT-14,91353,16-09-2025,Closed,Yes,16-08-2025,"Track-4, Slot-3",Standby
19-08-2025,KMRT-14,91616,16-09-2025,Closed,Yes,16-08-2025,"Track-4, Slot-3",Standby
20-08-2025,KMRT-14,92039,16-09-2025,Closed,Yes,20-08-2025,"Track-4, Slot-3",Service
21-08-2025,KMRT-14,92508,16-09-2025,Closed,Yes,20-08-2025,"Track-4, Slot-3",Service
22-08-2025,KMRT-14,92183,16-09-2025,Closed,Yes,19-08-2025,"Track-4, Slot-3",Service
23-08-2025,KMRT-14,92891,16-09-2025,Closed,Yes,19-08-2025,"Track-4, Slot-3",Service
24-08-2025,KMRT-14,93375,16-09-2025,Closed,Yes,24-08-2025,"Track-4, Slot-3",Standby
25-08-2025,KMRT-14,93856,16-09-2025,Closed,Yes,24-08-2025,"Track-4, Slot-3",Service
26-08-2025,KMRT-14,94115,16-09-2025,Closed,Yes,23-08-2025,"Track-4, Slot-3",Service
27-08-2025,KMRT-14,93153,16-09-2025,Closed,Yes,24-08-2025,"Track-4, Slot-3",Service
28-08-2025,KMRT-14,94663,16-09-2025,Closed,Yes,28-08-2025,"Track-4, Slot-3",Standby
29-08-2025,KMRT-14,93224,16-09-2025,Closed,Yes,28-08-2025,"Track-4, Slot-3",Service
30-08-2025,KMRT-14,94173,16-09-2025,Closed,Yes,28-08-2025,"Track-4, Slot-3",Standby
31-08-2025,KMRT-14,94389,16-09-2025,Closed,Yes,28-08-2025,"Track-4, Slot-3",Standby
01-09-2025,KMRT-14,94783,16-09-2025,Closed,Yes,01-09-2025,"Track-4, Slot-3",Service
02-09-2025,KMRT-14,95445,16-09-2025,Closed,Yes,31-08-2025,"Track-4, Slot-3",Service
03-09-2025,KMRT-14,95619,16-09-2025,Closed,Yes,31-08-2025,"Track-4, Slot-3",Standby
04-09-2025,KMRT-14,96843,16-09-2025,Closed,Yes,01-09-2025,"Track-4, Slot-3",Service
05-09-2025,KMRT-14,96783,16-09-2025,Open-Minor,Yes,05-09-2025,"Track-4, Slot-3",Service
06-09-2025,KMRT-14,97093,16-09-2025,Closed,Yes,05-09-2025,"Track-4, Slot-3",Service
07-09-2025,KMRT-14,96235,16-09-2025,Closed,Yes,05-09-2025,"Track-4, Slot-3",Standby
08-09-2025,KMRT-14,98178,16-09-2025,Closed,Yes,05-09-2025,"Track-4, Slot-3",Service
09-09-2025,KMRT-14,98483,16-09-2025,Closed,Yes,09-09-2025,"Track-4, Slot-3",Standby
10-09-2025,KMRT-14,95714,16-09-2025,Closed,Yes,09-09-2025,"Track-4, Slot-3",Service
12-08-2025,KMRT-15,116835,21-09-2025,Closed,No,12-08-2025,"Track-4, Slot-1",Service
13-08-2025,KMRT-15,117030,21-09-2025,Closed,No,11-08-2025,"Track-4, Slot-1",Service
14-08-2025,KMRT-15,117467,21-09-2025,Closed,No,12-08-2025,"Track-5, Slot-1",Service
15-08-2025,KMRT-15,117594,21-09-2025,Open-Critical,No,11-08-2025,"Track-5, Slot-1",Maintenance
16-08-2025,KMRT-15,117735,21-09-2025,Open-Minor,No,16-08-2025,"Track-5, Slot-1",Service
17-08-2025,KMRT-15,118405,21-09-2025,Closed,No,16-08-2025,"Track-5, Slot-1",Service
18-08-2025,KMRT-15,118485,21-09-2025,Closed,No,15-08-2025,"Track-5, Slot-1",Standby
19-08-2025,KMRT-15,118494,21-09-2025,Closed,No,16-08-2025,"Track-5, Slot-1",Standby
20-08-2025,KMRT-15,118339,21-09-2025,Open-Minor,No,19-08-2025,"Track-5, Slot-1",Service
21-08-2025,KMRT-15,118473,21-09-2025,Closed,No,20-08-2025,"Track-5, Slot-1",Service
22-08-2025,KMRT-15,119475,21-09-2025,Closed,No,20-08-2025,"Track-5, Slot-1",Standby
23-08-2025,KMRT-15,119453,21-09-2025,Closed,No,19-08-2025,"Track-5, Slot-1",Standby
24-08-2025,KMRT-15,119847,21-09-2025,Closed,No,24-08-2025,"Track-5, Slot-1",Standby
25-08-2025,KMRT-15,119227,21-09-2025,Closed,No,24-08-2025,"Track-5, Slot-1",Service
26-08-2025,KMRT-15,120769,21-09-2025,Closed,No,24-08-2025,"Track-5, Slot-1",Service
27-08-2025,KMRT-15,121020,21-09-2025,Closed,No,24-08-2025,"Track-5, Slot-1",Service
28-08-2025,KMRT-15,120035,21-09-2025,Closed,No,28-08-2025,"Track-5, Slot-1",Service
29-08-2025,KMRT-15,120218,21-09-2025,Closed,No,27-08-2025,"Track-5, Slot-1",Service
30-08-2025,KMRT-15,121317,21-09-2025,Closed,No,27-08-2025,"Track-5, Slot-1",Service
31-08-2025,KMRT-15,122079,21-09-2025,Closed,No,27-08-2025,"Track-5, Slot-1",Service
01-09-2025,KMRT-15,121695,21-09-2025,Closed,No,01-09-2025,"Track-5, Slot-1",Service
02-09-2025,KMRT-15,121434,21-09-2025,Closed,No,01-09-2025,"Track-5, Slot-1",Service
03-09-2025,KMRT-15,122511,21-09-2025,Closed,No,01-09-2025,"Track-5, Slot-1",Service
04-09-2025,KMRT-15,123505,21-09-2025,Closed,No,31-08-2025,"Track-5, Slot-1",Service
05-09-2025,KMRT-15,121707,21-09-2025,Closed,No,05-09-2025,"Track-5, Slot-1",Service
06-09-2025,KMRT-15,123960,21-09-2025,Closed,No,05-09-2025,"Track-5, Slot-1",Service
07-09-2025,KMRT-15,123127,21-09-2025,Closed,No,05-09-2025,"Track-5, Slot-1",Service
08-09-2025,KMRT-15,123531,21-09-2025,Closed,No,04-09-2025,"Track-5, Slot-1",Service
09-09-2025,KMRT-15,123835,21-09-2025,Closed,No,08-09-2025,"Track-5, Slot-1",Service
10-09-2025,KMRT-15,123882,21-09-2025,Closed,No,08-09-2025,"Track-5, Slot-1",Service
12-08-2025,KMRT-16,113437,25-09-2025,Closed,Yes,11-08-2025,"Track-2, Slot-3",Service
13-08-2025,KMRT-16,113701,25-09-2025,Closed,Yes,11-08-2025,"Track-2, Slot-3",Standby
14-08-2025,KMRT-16,113865,25-09-2025,Closed,Yes,12-08-2025,"Track-2, Slot-3",Service
15-08-2025,KMRT-16,114280,25-09-2025,Closed,Yes,15-08-2025,"Track-2, Slot-3",Service
16-08-2025,KMRT-16,114405,25-09-2025,Closed,Yes,15-08-2025,"Track-2, Slot-3",Service
17-08-2025,KMRT-16,114482,25-09-2025,Closed,Yes,15-08-2025,"Track-2, Slot-3",Service
18-08-2025,KMRT-16,115357,25-09-2025,Open-Critical,Yes,17-08-2025,"Track-2, Slot-3",Maintenance
19-08-2025,KMRT-16,115068,25-09-2025,Closed,Yes,18-08-2025,"Track-2, Slot-3",Service
20-08-2025,KMRT-16,115709,25-09-2025,Closed,Yes,18-08-2025,"Track-2, Slot-3",Service
21-08-2025,KMRT-16,115408,25-09-2025,Closed,Yes,20-08-2025,"Track-2, Slot-3",Standby
22-08-2025,KMRT-16,116457,25-09-2025,Closed,Yes,20-08-2025,"Track-2, Slot-3",Standby
23-08-2025,KMRT-16,116429,25-09-2025,Closed,Yes,21-08-2025,"Track-2, Slot-3",Service
24-08-2025,KMRT-16,116677,25-09-2025,Closed,Yes,24-08-2025,"Track-2, Slot-3",Service
25-08-2025,KMRT-16,117103,25-09-2025,Closed,Yes,24-08-2025,"Track-2, Slot-3",Service
26-08-2025,KMRT-16,115985,25-09-2025,Open-Minor,Yes,24-08-2025,"Track-2, Slot-3",Service
27-08-2025,KMRT-16,116977,25-09-2025,Closed,Yes,26-08-2025,"Track-2, Slot-3",Service
28-08-2025,KMRT-16,118365,25-09-2025,Closed,Yes,27-08-2025,"Track-2, Slot-3",Service
29-08-2025,KMRT-16,116854,25-09-2025,Open-Minor,Yes,27-08-2025,"Track-2, Slot-3",Service
30-08-2025,KMRT-16,117613,25-09-2025,Closed,Yes,30-08-2025,"Track-2, Slot-3",Service
31-08-2025,KMRT-16,119042,25-09-2025,Closed,Yes,30-08-2025,"Track-3, Slot-2",Service
01-09-2025,KMRT-16,118777,25-09-2025,Closed,Yes,30-08-2025,"Track-3, Slot-2",Service
02-09-2025,KMRT-16,119989,25-09-2025,Closed,Yes,02-09-2025,"Track-3, Slot-2",Service
03-09-2025,KMRT-16,119993,25-09-2025,Closed,Yes,01-09-2025,"Track-3, Slot-2",Service
04-09-2025,KMRT-16,120107,25-09-2025,Closed,Yes,02-09-2025,"Track-3, Slot-2",Service
05-09-2025,KMRT-16,117781,25-09-2025,Closed,Yes,05-09-2025,"Track-3, Slot-2",Service
06-09-2025,KMRT-16,118337,25-09-2025,Closed,Yes,05-09-2025,"Track-3, Slot-2",Service
07-09-2025,KMRT-16,118871,25-09-2025,Closed,Yes,04-09-2025,"Track-3, Slot-2",Service
08-09-2025,KMRT-16,120970,25-09-2025,Closed,Yes,08-09-2025,"Track-3, Slot-2",Standby
09-09-2025,KMRT-16,119709,25-09-2025,Closed,Yes,08-09-2025,"Track-3, Slot-2",Service
10-09-2025,KMRT-16,119643,25-09-2025,Closed,Yes,08-09-2025,"Track-3, Slot-2",Service
12-08-2025,KMRT-17,117736,17-09-2025,Closed,Yes,12-08-2025,"Track-4, Slot-4",Service
13-08-2025,KMRT-17,118040,17-09-2025,Closed,Yes,12-08-2025,"Track-4, Slot-4",Service
14-08-2025,KMRT-17,118166,17-09-2025,Closed,Yes,11-08-2025,"Track-4, Slot-4",Standby
15-08-2025,KMRT-17,118282,17-09-2025,Closed,Yes,12-08-2025,"Track-4, Slot-4",Standby
16-08-2025,KMRT-17,118972,17-09-2025,Closed,Yes,15-08-2025,"Track-4, Slot-4",Service
17-08-2025,KMRT-17,119201,17-09-2025,Closed,Yes,16-08-2025,"Track-4, Slot-4",Standby
18-08-2025,KMRT-17,119152,17-09-2025,Closed,Yes,16-08-2025,"Track-4, Slot-4",Service
19-08-2025,KMRT-17,119815,17-09-2025,Closed,Yes,15-08-2025,"Track-4, Slot-4",Service
20-08-2025,KMRT-17,119408,17-09-2025,Closed,Yes,20-08-2025,"Track-4, Slot-4",Standby
21-08-2025,KMRT-17,120364,17-09-2025,Closed,Yes,19-08-2025,"Track-4, Slot-4",Standby
22-08-2025,KMRT-17,120166,17-09-2025,Closed,Yes,20-08-2025,"Track-4, Slot-4",Service
23-08-2025,KMRT-17,119958,17-09-2025,Closed,Yes,20-08-2025,"Track-4, Slot-4",Service
24-08-2025,KMRT-17,120964,17-09-2025,Closed,Yes,23-08-2025,"Track-4, Slot-4",Service
25-08-2025,KMRT-17,120752,17-09-2025,Closed,Yes,24-08-2025,"Track-4, Slot-4",Service
26-08-2025,KMRT-17,122174,17-09-2025,Closed,Yes,24-08-2025,"Track-4, Slot-4",Service
27-08-2025,KMRT-17,122401,17-09-2025,Closed,Yes,24-08-2025,"Track-4, Slot-4",Standby
28-08-2025,KMRT-17,122296,17-09-2025,Closed,Yes,28-08-2025,"Track-4, Slot-4",Service
29-08-2025,KMRT-17,121357,17-09-2025,Closed,Yes,28-08-2025,"Track-4, Slot-4",Standby
30-08-2025,KMRT-17,122776,17-09-2025,Closed,Yes,28-08-2025,"Track-4, Slot-4",Service
31-08-2025,KMRT-17,121517,17-09-2025,Closed,Yes,28-08-2025,"Track-4, Slot-4",Service
01-09-2025,KMRT-17,123216,17-09-2025,Closed,Yes,31-08-2025,"Track-4, Slot-4",Service
02-09-2025,KMRT-17,121999,17-09-2025,Closed,Yes,31-08-2025,"Track-4, Slot-4",Service
03-09-2025,KMRT-17,122048,17-09-2025,Closed,Yes,31-08-2025,"Track-4, Slot-4",Service
04-09-2025,KMRT-17,123118,17-09-2025,Closed,Yes,01-09-2025,"Track-4, Slot-4",Service
05-09-2025,KMRT-17,122848,17-09-2025,Closed,Yes,04-09-2025,"Track-4, Slot-4",Standby
06-09-2025,KMRT-17,122536,17-09-2025,Open-Minor,Yes,04-09-2025,"Track-3, Slot-4",Service
07-09-2025,KMRT-17,125250,17-09-2025,Closed,Yes,05-09-2025,"Track-3, Slot-4",Service
08-09-2025,KMRT-17,124486,17-09-2025,Open-Minor,Yes,05-09-2025,"Track-3, Slot-4",Service
09-09-2025,KMRT-17,123952,17-09-2025,Open-Minor,Yes,09-09-2025,"Track-3, Slot-4",Standby
10-09-2025,KMRT-17,126117,17-09-2025,Closed,Yes,09-09-2025,"Track-3, Slot-3",Service
12-08-2025,KMRT-18,98458,15-09-2025,Closed,No,12-08-2025,"Track-1, Slot-4",Standby
13-08-2025,KMRT-18,98746,15-09-2025,Closed,No,11-08-2025,"Track-1, Slot-4",Service
14-08-2025,KMRT-18,98870,15-09-2025,Open-Minor,No,12-08-2025,"Track-1, Slot-4",Service
15-08-2025,KMRT-18,99100,15-09-2025,Closed,No,12-08-2025,"Track-1, Slot-4",Service
16-08-2025,KMRT-18,99346,15-09-2025,Closed,No,16-08-2025,"Track-1, Slot-4",Service
17-08-2025,KMRT-18,99883,15-09-2025,Closed,No,15-08-2025,"Track-1, Slot-4",Service
18-08-2025,KMRT-18,99688,15-09-2025,Open-Minor,No,16-08-2025,"Track-1, Slot-4",Service
19-08-2025,KMRT-18,100481,15-09-2025,Closed,No,16-08-2025,"Track-1, Slot-4",Service
20-08-2025,KMRT-18,100402,15-09-2025,Closed,No,20-08-2025,"Track-1, Slot-4",Service
21-08-2025,KMRT-18,100771,15-09-2025,Closed,No,20-08-2025,"Track-1, Slot-4",Service
22-08-2025,KMRT-18,100388,15-09-2025,Closed,No,20-08-2025,"Track-1, Slot-4",Service
23-08-2025,KMRT-18,101835,15-09-2025,Closed,No,20-08-2025,"Track-1, Slot-4",Standby
24-08-2025,KMRT-18,101722,15-09-2025,Closed,No,24-08-2025,"Track-1, Slot-4",Standby
25-08-2025,KMRT-18,102189,15-09-2025,Closed,No,24-08-2025,"Track-1, Slot-4",Standby
26-08-2025,KMRT-18,101230,15-09-2025,Open-Critical,No,24-08-2025,"Track-1, Slot-3",Maintenance
27-08-2025,KMRT-18,101383,15-09-2025,Closed,No,23-08-2025,"Track-1, Slot-3",Service
28-08-2025,KMRT-18,103386,15-09-2025,Closed,No,27-08-2025,"Track-1, Slot-3",Service
29-08-2025,KMRT-18,103847,15-09-2025,Closed,No,28-08-2025,"Track-1, Slot-3",Service
30-08-2025,KMRT-18,104038,15-09-2025,Closed,No,28-08-2025,"Track-1, Slot-3",Service
31-08-2025,KMRT-18,102182,15-09-2025,Closed,No,27-08-2025,"Track-1, Slot-3",Standby
01-09-2025,KMRT-18,102338,15-09-2025,Closed,No,31-08-2025,"Track-1, Slot-3",Service
02-09-2025,KMRT-18,102532,15-09-2025,Closed,No,01-09-2025,"Track-1, Slot-3",Service
03-09-2025,KMRT-18,102462,15-09-2025,Closed,No,01-09-2025,"Track-1, Slot-3",Standby
04-09-2025,KMRT-18,104116,15-09-2025,Closed,No,01-09-2025,"Track-1, Slot-3",Standby
05-09-2025,KMRT-18,103498,15-09-2025,Closed,No,05-09-2025,"Track-1, Slot-3",Service
06-09-2025,KMRT-18,106308,15-09-2025,Open-Minor,No,05-09-2025,"Track-1, Slot-3",Service
07-09-2025,KMRT-18,103502,15-09-2025,Closed,No,05-09-2025,"Track-1, Slot-3",Service
08-09-2025,KMRT-18,104020,15-09-2025,Closed,No,05-09-2025,"Track-1, Slot-3",Service
09-09-2025,KMRT-18,103806,15-09-2025,Closed,No,09-09-2025,"Track-1, Slot-3",Service
10-09-2025,KMRT-18,106520,15-09-2025,Closed,No,09-09-2025,"Track-1, Slot-3",Standby
12-08-2025,KMRT-19,120040,03-10-2025,Closed,No,12-08-2025,"Track-4, Slot-5",Service
13-08-2025,KMRT-19,120289,03-10-2025,Closed,No,12-08-2025,"Track-4, Slot-5",Service
14-08-2025,KMRT-19,120426,03-10-2025,Closed,No,12-08-2025,"Track-4, Slot-5",Service
15-08-2025,KMRT-19,120937,03-10-2025,Closed,No,12-08-2025,"Track-4, Slot-5",Service
16-08-2025,KMRT-19,120768,03-10-2025,Closed,No,12-08-2025,"Track-4, Slot-5",Service
17-08-2025,KMRT-19,121250,03-10-2025,Closed,No,11-08-2025,"Track-4, Slot-5",Standby
18-08-2025,KMRT-19,121954,03-10-2025,Closed,No,12-08-2025,"Track-4, Slot-5",Standby
19-08-2025,KMRT-19,121342,03-10-2025,Closed,No,19-08-2025,"Track-4, Slot-5",Service
20-08-2025,KMRT-19,121496,03-10-2025,Closed,No,19-08-2025,"Track-4, Slot-5",Service
21-08-2025,KMRT-19,122362,03-10-2025,Open-Minor,No,19-08-2025,"Track-4, Slot-5",Standby
22-08-2025,KMRT-19,122200,03-10-2025,Closed,No,19-08-2025,"Track-3, Slot-5",Service
23-08-2025,KMRT-19,123065,03-10-2025,Closed,No,19-08-2025,"Track-3, Slot-5",Service
24-08-2025,KMRT-19,123400,03-10-2025,Open-Minor,No,19-08-2025,"Track-3, Slot-5",Standby
25-08-2025,KMRT-19,123160,03-10-2025,Closed,No,19-08-2025,"Track-3, Slot-5",Service
26-08-2025,KMRT-19,123722,03-10-2025,Closed,No,26-08-2025,"Track-3, Slot-5",Standby
27-08-2025,KMRT-19,123250,03-10-2025,Closed,No,26-08-2025,"Track-3, Slot-5",Service
28-08-2025,KMRT-19,124824,03-10-2025,Closed,No,26-08-2025,"Track-3, Slot-5",Standby
29-08-2025,KMRT-19,124001,03-10-2025,Closed,No,25-08-2025,"Track-3, Slot-5",Service
30-08-2025,KMRT-19,124000,03-10-2025,Closed,No,26-08-2025,"Track-3, Slot-5",Service
31-08-2025,KMRT-19,123650,03-10-2025,Closed,No,26-08-2025,"Track-3, Slot-5",Service
01-09-2025,KMRT-19,125460,03-10-2025,Closed,No,26-08-2025,"Track-3, Slot-5",Service
02-09-2025,KMRT-19,124744,03-10-2025,Open-Minor,No,01-09-2025,"Track-3, Slot-5",Service
03-09-2025,KMRT-19,127080,03-10-2025,Closed,No,01-09-2025,"Track-3, Slot-5",Standby
04-09-2025,KMRT-19,124893,03-10-2025,Open-Critical,No,02-09-2025,"Track-3, Slot-5",Maintenance
05-09-2025,KMRT-19,126808,03-10-2025,Closed,No,02-09-2025,"Track-3, Slot-5",Service
06-09-2025,KMRT-19,125015,03-10-2025,Open-Critical,No,02-09-2025,"Track-3, Slot-5",Maintenance
07-09-2025,KMRT-19,127658,03-10-2025,Closed,No,02-09-2025,"Track-3, Slot-5",Standby
08-09-2025,KMRT-19,127168,03-10-2025,Open-Minor,No,01-09-2025,"Track-3, Slot-5",Standby
09-09-2025,KMRT-19,128160,03-10-2025,Closed,No,08-09-2025,"Track-3, Slot-5",Service
10-09-2025,KMRT-19,128421,03-10-2025,Closed,No,09-09-2025,"Track-3, Slot-5",Service
12-08-2025,KMRT-20,93751,22-09-2025,Open-Minor,Yes,12-08-2025,"Track-2, Slot-3",Service
13-08-2025,KMRT-20,94071,22-09-2025,Closed,Yes,12-08-2025,"Track-2, Slot-3",Service
14-08-2025,KMRT-20,94213,22-09-2025,Closed,Yes,12-08-2025,"Track-2, Slot-3",Standby
15-08-2025,KMRT-20,94303,22-09-2025,Closed,Yes,12-08-2025,"Track-2, Slot-3",Standby
16-08-2025,KMRT-20,94823,22-09-2025,Closed,Yes,12-08-2025,"Track-2, Slot-3",Service
17-08-2025,KMRT-20,95056,22-09-2025,Closed,Yes,12-08-2025,"Track-2, Slot-3",Standby
18-08-2025,KMRT-20,94915,22-09-2025,Closed,Yes,17-08-2025,"Track-2, Slot-3",Standby
19-08-2025,KMRT-20,95424,22-09-2025,Closed,Yes,18-08-2025,"Track-2, Slot-3",Service
20-08-2025,KMRT-20,96279,22-09-2025,Closed,Yes,18-08-2025,"Track-2, Slot-3",Standby
21-08-2025,KMRT-20,96262,22-09-2025,Closed,Yes,18-08-2025,"Track-2, Slot-3",Service
22-08-2025,KMRT-20,96461,22-09-2025,Closed,Yes,18-08-2025,"Track-2, Slot-3",Service
23-08-2025,KMRT-20,96127,22-09-2025,Closed,Yes,18-08-2025,"Track-2, Slot-3",Standby
24-08-2025,KMRT-20,97423,22-09-2025,Closed,Yes,24-08-2025,"Track-2, Slot-3",Service
25-08-2025,KMRT-20,96858,22-09-2025,Closed,Yes,24-08-2025,"Track-2, Slot-3",Service
26-08-2025,KMRT-20,96985,22-09-2025,Closed,Yes,24-08-2025,"Track-2, Slot-3",Standby
27-08-2025,KMRT-20,97681,22-09-2025,Open-Minor,Yes,24-08-2025,"Track-2, Slot-3",Standby
28-08-2025,KMRT-20,97079,22-09-2025,Closed,Yes,24-08-2025,"Track-2, Slot-3",Service
29-08-2025,KMRT-20,98528,22-09-2025,Closed,Yes,24-08-2025,"Track-2, Slot-3",Service
30-08-2025,KMRT-20,97711,22-09-2025,Closed,Yes,29-08-2025,"Track-2, Slot-3",Standby
31-08-2025,KMRT-20,98710,22-09-2025,Closed,Yes,30-08-2025,"Track-2, Slot-3",Service
01-09-2025,KMRT-20,98231,22-09-2025,Closed,Yes,30-08-2025,"Track-2, Slot-3",Service
02-09-2025,KMRT-20,99631,22-09-2025,Closed,Yes,30-08-2025,"Track-2, Slot-3",Service
03-09-2025,KMRT-20,98943,22-09-2025,Closed,Yes,30-08-2025,"Track-2, Slot-3",Service
04-09-2025,KMRT-20,98328,22-09-2025,Closed,Yes,30-08-2025,"Track-2, Slot-3",Standby
05-09-2025,KMRT-20,98599,22-09-2025,Closed,Yes,05-09-2025,"Track-2, Slot-3",Service
06-09-2025,KMRT-20,99826,22-09-2025,Closed,Yes,05-09-2025,"Track-2, Slot-3",Service
07-09-2025,KMRT-20,98431,22-09-2025,Open-Minor,Yes,04-09-2025,"Track-2, Slot-3",Standby
08-09-2025,KMRT-20,101446,22-09-2025,Closed,Yes,04-09-2025,"Track-2, Slot-3",Service
09-09-2025,KMRT-20,102207,22-09-2025,Closed,Yes,05-09-2025,"Track-2, Slot-3",Service
10-09-2025,KMRT-20,99203,22-09-2025,Closed,Yes,05-09-2025,"Track-2, Slot-3",Service
12-08-2025,KMRT-21,109268,07-10-2025,Closed,No,12-08-2025,"Track-5, Slot-2",Service
13-08-2025,KMRT-21,109471,07-10-2025,Closed,No,11-08-2025,"Track-5, Slot-2",Service
14-08-2025,KMRT-21,109712,07-10-2025,Closed,No,11-08-2025,"Track-5, Slot-2",Service
15-08-2025,KMRT-21,109964,07-10-2025,Closed,No,11-08-2025,"Track-5, Slot-2",Service
16-08-2025,KMRT-21,110540,07-10-2025,Closed,No,12-08-2025,"Track-5, Slot-2",Service
17-08-2025,KMRT-21,110668,07-10-2025,Closed,No,16-08-2025,"Track-5, Slot-2",Service
18-08-2025,KMRT-21,111002,07-10-2025,Open-Minor,No,16-08-2025,"Track-5, Slot-2",Service
19-08-2025,KMRT-21,110829,07-10-2025,Closed,No,17-08-2025,"Track-5, Slot-2",Service
20-08-2025,KMRT-21,111516,07-10-2025,Closed,No,17-08-2025,"Track-5, Slot-2",Service
21-08-2025,KMRT-21,111311,07-10-2025,Closed,No,16-08-2025,"Track-5, Slot-2",Service
22-08-2025,KMRT-21,111738,07-10-2025,Closed,No,22-08-2025,"Track-5, Slot-2",Service
23-08-2025,KMRT-21,111413,07-10-2025,Closed,No,22-08-2025,"Track-5, Slot-2",Service
24-08-2025,KMRT-21,113084,07-10-2025,Closed,No,22-08-2025,"Track-5, Slot-2",Standby
25-08-2025,KMRT-21,113337,07-10-2025,Closed,No,21-08-2025,"Track-5, Slot-2",Service
26-08-2025,KMRT-21,112852,07-10-2025,Open-Minor,No,22-08-2025,"Track-5, Slot-2",Standby
27-08-2025,KMRT-21,112523,07-10-2025,Open-Minor,No,26-08-2025,"Track-5, Slot-2",Standby
28-08-2025,KMRT-21,113012,07-10-2025,Closed,No,27-08-2025,"Track-4, Slot-3",Service
29-08-2025,KMRT-21,112957,07-10-2025,Closed,No,27-08-2025,"Track-4, Slot-3",Service
30-08-2025,KMRT-21,112814,07-10-2025,Open-Minor,No,26-08-2025,"Track-4, Slot-3",Standby
31-08-2025,KMRT-21,115215,07-10-2025,Closed,No,27-08-2025,"Track-4, Slot-3",Service
01-09-2025,KMRT-21,115528,07-10-2025,Closed,No,01-09-2025,"Track-4, Slot-3",Service
02-09-2025,KMRT-21,113573,07-10-2025,Closed,No,01-09-2025,"Track-4, Slot-3",Standby
03-09-2025,KMRT-21,115164,07-10-2025,Closed,No,01-09-2025,"Track-4, Slot-3",Service
04-09-2025,KMRT-21,116191,07-10-2025,Open-Minor,No,01-09-2025,"Track-4, Slot-3",Service
05-09-2025,KMRT-21,116036,07-10-2025,Open-Minor,No,01-09-2025,"Track-4, Slot-3",Service
06-09-2025,KMRT-21,116793,07-10-2025,Closed,No,06-09-2025,"Track-4, Slot-3",Service
07-09-2025,KMRT-21,117198,07-10-2025,Closed,No,06-09-2025,"Track-4, Slot-3",Service
08-09-2025,KMRT-21,116180,07-10-2025,Closed,No,05-09-2025,"Track-4, Slot-3",Service
09-09-2025,KMRT-21,117276,07-10-2025,Closed,No,06-09-2025,"Track-4, Slot-3",Service
10-09-2025,KMRT-21,117504,07-10-2025,Closed,No,06-09-2025,"Track-4, Slot-3",Service
12-08-2025,KMRT-22,129621,10-10-2025,Closed,No,11-08-2025,"Track-1, Slot-2",Standby
13-08-2025,KMRT-22,129808,10-10-2025,Closed,No,12-08-2025,"Track-1, Slot-2",Service
14-08-2025,KMRT-22,130213,10-10-2025,Open-Minor,No,12-08-2025,"Track-1, Slot-2",Service
15-08-2025,KMRT-22,130515,10-10-2025,Closed,No,12-08-2025,"Track-1, Slot-2",Service
16-08-2025,KMRT-22,130841,10-10-2025,Closed,No,16-08-2025,"Track-1, Slot-2",Service
17-08-2025,KMRT-22,130966,10-10-2025,Closed,No,16-08-2025,"Track-1, Slot-2",Service
18-08-2025,KMRT-22,131133,10-10-2025,Open-Critical,No,16-08-2025,"Track-1, Slot-2",Maintenance
19-08-2025,KMRT-22,131259,10-10-2025,Closed,No,16-08-2025,"Track-1, Slot-2",Service
20-08-2025,KMRT-22,131893,10-10-2025,Closed,No,20-08-2025,"Track-1, Slot-2",Service
21-08-2025,KMRT-22,131637,10-10-2025,Closed,No,20-08-2025,"Track-1, Slot-2",Service
22-08-2025,KMRT-22,132201,10-10-2025,Closed,No,20-08-2025,"Track-1, Slot-2",Service
23-08-2025,KMRT-22,132580,10-10-2025,Closed,No,20-08-2025,"Track-1, Slot-2",Service
24-08-2025,KMRT-22,132993,10-10-2025,Closed,No,24-08-2025,"Track-1, Slot-2",Service
25-08-2025,KMRT-22,133196,10-10-2025,Closed,No,24-08-2025,"Track-1, Slot-2",Service
26-08-2025,KMRT-22,132365,10-10-2025,Closed,No,24-08-2025,"Track-1, Slot-2",Standby
27-08-2025,KMRT-22,133311,10-10-2025,Closed,No,24-08-2025,"Track-1, Slot-2",Service
28-08-2025,KMRT-22,133477,10-10-2025,Closed,No,27-08-2025,"Track-1, Slot-2",Service
29-08-2025,KMRT-22,132783,10-10-2025,Closed,No,28-08-2025,"Track-1, Slot-2",Service
30-08-2025,KMRT-22,134643,10-10-2025,Closed,No,28-08-2025,"Track-1, Slot-2",Service
31-08-2025,KMRT-22,135625,10-10-2025,Closed,No,27-08-2025,"Track-1, Slot-2",Service
01-09-2025,KMRT-22,135801,10-10-2025,Closed,No,01-09-2025,"Track-1, Slot-2",Standby
02-09-2025,KMRT-22,134367,10-10-2025,Closed,No,31-08-2025,"Track-1, Slot-2",Service
03-09-2025,KMRT-22,134593,10-10-2025,Closed,No,01-09-2025,"Track-1, Slot-2",Service
04-09-2025,KMRT-22,135072,10-10-2025,Closed,No,01-09-2025,"Track-1, Slot-2",Standby
05-09-2025,KMRT-22,136221,10-10-2025,Closed,No,05-09-2025,"Track-1, Slot-2",Service
06-09-2025,KMRT-22,134446,10-10-2025,Closed,No,05-09-2025,"Track-1, Slot-2",Service
07-09-2025,KMRT-22,135081,10-10-2025,Closed,No,04-09-2025,"Track-1, Slot-2",Service
08-09-2025,KMRT-22,135507,10-10-2025,Open-Minor,No,05-09-2025,"Track-1, Slot-2",Standby
09-09-2025,KMRT-22,137937,10-10-2025,Open-Minor,No,09-09-2025,"Track-1, Slot-2",Service
10-09-2025,KMRT-22,136146,10-10-2025,Closed,No,09-09-2025,"Track-1, Slot-1",Standby
12-08-2025,KMRT-23,98979,18-09-2025,Closed,No,12-08-2025,"Track-3, Slot-2",Service
13-08-2025,KMRT-23,99268,18-09-2025,Closed,No,11-08-2025,"Track-3, Slot-2",Service
14-08-2025,KMRT-23,99441,18-09-2025,Closed,No,12-08-2025,"Track-3, Slot-2",Standby
15-08-2025,KMRT-23,99924,18-09-2025,Closed,No,12-08-2025,"Track-3, Slot-2",Service
16-08-2025,KMRT-23,100051,18-09-2025,Closed,No,16-08-2025,"Track-3, Slot-2",Service
17-08-2025,KMRT-23,100089,18-09-2025,Open-Minor,No,16-08-2025,"Track-3, Slot-2",Service
18-08-2025,KMRT-23,100857,18-09-2025,Closed,No,16-08-2025,"Track-3, Slot-2",Service
19-08-2025,KMRT-23,100477,18-09-2025,Closed,No,15-08-2025,"Track-3, Slot-2",Service
20-08-2025,KMRT-23,101243,18-09-2025,Open-Critical,No,20-08-2025,"Track-3, Slot-2",Maintenance
21-08-2025,KMRT-23,100896,18-09-2025,Closed,No,20-08-2025,"Track-3, Slot-2",Service
22-08-2025,KMRT-23,101709,18-09-2025,Closed,No,20-08-2025,"Track-3, Slot-2",Service
23-08-2025,KMRT-23,102455,18-09-2025,Closed,No,20-08-2025,"Track-3, Slot-2",Service
24-08-2025,KMRT-23,101199,18-09-2025,Open-Minor,No,24-08-2025,"Track-3, Slot-2",Service
25-08-2025,KMRT-23,103139,18-09-2025,Closed,No,24-08-2025,"Track-3, Slot-2",Service
26-08-2025,KMRT-23,101527,18-09-2025,Closed,No,24-08-2025,"Track-3, Slot-2",Service
27-08-2025,KMRT-23,102204,18-09-2025,Closed,No,24-08-2025,"Track-3, Slot-2",Service
28-08-2025,KMRT-23,103011,18-09-2025,Open-Minor,No,28-08-2025,"Track-3, Slot-2",Service
29-08-2025,KMRT-23,103178,18-09-2025,Closed,No,28-08-2025,"Track-3, Slot-2",Service
30-08-2025,KMRT-23,102957,18-09-2025,Open-Minor,No,27-08-2025,"Track-3, Slot-2",Service
31-08-2025,KMRT-23,104736,18-09-2025,Closed,No,28-08-2025,"Track-2, Slot-1",Standby
01-09-2025,KMRT-23,105099,18-09-2025,Open-Minor,No,01-09-2025,"Track-2, Slot-1",Service
02-09-2025,KMRT-23,103284,18-09-2025,Closed,No,01-09-2025,"Track-2, Slot-1",Standby
03-09-2025,KMRT-23,104413,18-09-2025,Closed,No,01-09-2025,"Track-2, Slot-1",Standby
04-09-2025,KMRT-23,104821,18-09-2025,Closed,No,01-09-2025,"Track-2, Slot-1",Service
05-09-2025,KMRT-23,103563,18-09-2025,Open-Critical,No,05-09-2025,"Track-2, Slot-1",Maintenance
06-09-2025,KMRT-23,104554,18-09-2025,Closed,No,04-09-2025,"Track-2, Slot-1",Service
07-09-2025,KMRT-23,104257,18-09-2025,Closed,No,05-09-2025,"Track-2, Slot-1",Service
08-09-2025,KMRT-23,106971,18-09-2025,Closed,No,04-09-2025,"Track-2, Slot-1",Service
09-09-2025,KMRT-23,107015,18-09-2025,Closed,No,09-09-2025,"Track-2, Slot-1",Service
10-09-2025,KMRT-23,104634,18-09-2025,Closed,No,09-09-2025,"Track-2, Slot-1",Standby
12-08-2025,KMRT-24,120176,25-09-2025,Closed,No,11-08-2025,"Track-2, Slot-2",Service
13-08-2025,KMRT-24,120389,25-09-2025,Closed,No,11-08-2025,"Track-2, Slot-2",Service
14-08-2025,KMRT-24,120558,25-09-2025,Open-Minor,No,12-08-2025,"Track-3, Slot-3",Standby
15-08-2025,KMRT-24,120887,25-09-2025,Closed,No,12-08-2025,"Track-3, Slot-3",Service
16-08-2025,KMRT-24,120992,25-09-2025,Closed,No,12-08-2025,"Track-3, Slot-3",Service
17-08-2025,KMRT-24,121566,25-09-2025,Open-Minor,No,12-08-2025,"Track-2, Slot-4",Standby
18-08-2025,KMRT-24,122012,25-09-2025,Closed,No,18-08-2025,"Track-2, Slot-4",Service
19-08-2025,KMRT-24,122024,25-09-2025,Closed,No,18-08-2025,"Track-2, Slot-4",Service
20-08-2025,KMRT-24,122384,25-09-2025,Closed,No,18-08-2025,"Track-2, Slot-4",Service
21-08-2025,KMRT-24,122822,25-09-2025,Open-Minor,No,17-08-2025,"Track-2, Slot-4",Service
22-08-2025,KMRT-24,123246,25-09-2025,Closed,No,18-08-2025,"Track-2, Slot-4",Service
23-08-2025,KMRT-24,123696,25-09-2025,Open-Critical,No,18-08-2025,"Track-2, Slot-4",Maintenance
24-08-2025,KMRT-24,123260,25-09-2025,Closed,No,24-08-2025,"Track-2, Slot-4",Service
25-08-2025,KMRT-24,123647,25-09-2025,Closed,No,24-08-2025,"Track-2, Slot-4",Standby
26-08-2025,KMRT-24,123872,25-09-2025,Closed,No,23-08-2025,"Track-2, Slot-4",Service
27-08-2025,KMRT-24,124601,25-09-2025,Open-Minor,No,24-08-2025,"Track-2, Slot-5",Standby
28-08-2025,KMRT-24,124240,25-09-2025,Closed,No,24-08-2025,"Track-2, Slot-5",Service
29-08-2025,KMRT-24,123950,25-09-2025,Closed,No,23-08-2025,"Track-2, Slot-5",Service
30-08-2025,KMRT-24,124280,25-09-2025,Open-Minor,No,29-08-2025,"Track-2, Slot-5",Standby
31-08-2025,KMRT-24,124508,25-09-2025,Closed,No,30-08-2025,"Track-2, Slot-5",Service
01-09-2025,KMRT-24,124396,25-09-2025,Closed,No,29-08-2025,"Track-2, Slot-5",Service
02-09-2025,KMRT-24,126665,25-09-2025,Open-Minor,No,29-08-2025,"Track-3, Slot-4",Service
03-09-2025,KMRT-24,126556,25-09-2025,Closed,No,29-08-2025,"Track-3, Slot-4",Standby
04-09-2025,KMRT-24,125351,25-09-2025,Closed,No,30-08-2025,"Track-3, Slot-4",Service
05-09-2025,KMRT-24,126872,25-09-2025,Closed,No,05-09-2025,"Track-3, Slot-4",Service
06-09-2025,KMRT-24,126251,25-09-2025,Closed,No,05-09-2025,"Track-3, Slot-4",Service
07-09-2025,KMRT-24,125740,25-09-2025,Open-Minor,No,05-09-2025,"Track-3, Slot-4",Service
08-09-2025,KMRT-24,127196,25-09-2025,Closed,No,05-09-2025,"Track-3, Slot-4",Service
09-09-2025,KMRT-24,127288,25-09-2025,Closed,No,05-09-2025,"Track-3, Slot-4",Service
10-09-2025,KMRT-24,126701,25-09-2025,Closed,No,05-09-2025,"Track-3, Slot-4",Standby
12-08-2025,KMRT-25,87528,04-10-2025,Closed,No,11-08-2025,"Track-5, Slot-4",Standby
13-08-2025,KMRT-25,87844,04-10-2025,Closed,No,11-08-2025,"Track-5, Slot-4",Service
14-08-2025,KMRT-25,87900,04-10-2025,Closed,No,12-08-2025,"Track-5, Slot-4",Service
15-08-2025,KMRT-25,88191,04-10-2025,Closed,No,12-08-2025,"Track-5, Slot-4",Service
16-08-2025,KMRT-25,88548,04-10-2025,Closed,No,12-08-2025,"Track-5, Slot-4",Service
17-08-2025,KMRT-25,88713,04-10-2025,Closed,No,11-08-2025,"Track-5, Slot-4",Standby
18-08-2025,KMRT-25,89046,04-10-2025,Closed,No,12-08-2025,"Track-5, Slot-4",Service
19-08-2025,KMRT-25,89348,04-10-2025,Closed,No,19-08-2025,"Track-5, Slot-3",Service
20-08-2025,KMRT-25,89872,04-10-2025,Closed,No,19-08-2025,"Track-5, Slot-3",Service
21-08-2025,KMRT-25,89598,04-10-2025,Closed,No,19-08-2025,"Track-5, Slot-3",Service
22-08-2025,KMRT-25,89518,04-10-2025,Closed,No,19-08-2025,"Track-5, Slot-3",Service
23-08-2025,KMRT-25,89618,04-10-2025,Closed,No,19-08-2025,"Track-5, Slot-3",Service
24-08-2025,KMRT-25,90468,04-10-2025,Open-Critical,No,18-08-2025,"Track-5, Slot-3",Maintenance
25-08-2025,KMRT-25,90375,04-10-2025,Open-Minor,No,19-08-2025,"Track-5, Slot-3",Standby
26-08-2025,KMRT-25,91126,04-10-2025,Closed,No,26-08-2025,"Track-5, Slot-3",Service
27-08-2025,KMRT-25,92238,04-10-2025,Closed,No,26-08-2025,"Track-5, Slot-3",Standby
28-08-2025,KMRT-25,91048,04-10-2025,Closed,No,25-08-2025,"Track-5, Slot-3",Service
29-08-2025,KMRT-25,91506,04-10-2025,Closed,No,26-08-2025,"Track-5, Slot-3",Service
30-08-2025,KMRT-25,93198,04-10-2025,Closed,No,26-08-2025,"Track-5, Slot-3",Service
31-08-2025,KMRT-25,92107,04-10-2025,Closed,No,26-08-2025,"Track-5, Slot-3",Service
01-09-2025,KMRT-25,92768,04-10-2025,Closed,No,26-08-2025,"Track-5, Slot-3",Service
02-09-2025,KMRT-25,92820,04-10-2025,Open-Critical,No,02-09-2025,"Track-5, Slot-3",Maintenance
03-09-2025,KMRT-25,94348,04-10-2025,Closed,No,02-09-2025,"Track-5, Slot-3",Service
04-09-2025,KMRT-25,93554,04-10-2025,Closed,No,02-09-2025,"Track-5, Slot-3",Standby
05-09-2025,KMRT-25,95136,04-10-2025,Closed,No,02-09-2025,"Track-5, Slot-3",Service
06-09-2025,KMRT-25,93378,04-10-2025,Closed,No,01-09-2025,"Track-5, Slot-3",Service
07-09-2025,KMRT-25,95094,04-10-2025,Closed,No,02-09-2025,"Track-5, Slot-3",Service
08-09-2025,KMRT-25,95547,04-10-2025,Closed,No,02-09-2025,"Track-5, Slot-3",Service
09-09-2025,KMRT-25,94360,04-10-2025,Closed,No,09-09-2025,"Track-5, Slot-3",Service
10-09-2025,KMRT-25,96083,04-10-2025,Closed,No,08-09-2025,"Track-5, Slot-3",Service
